{
    "eval_avg_acc": 0.028364742586111623,
    "eval_context_avg_acc": 0.007549157303370786,
    "eval_my-fa_alignment_loss": 0.0,
    "eval_my-fa_context_avg": 0.007549157303370786,
    "eval_my-fa_context_src2trg": 0.0059691011235955055,
    "eval_my-fa_context_trg2src": 0.009129213483146067,
    "eval_my-fa_loss": 0.0,
    "eval_my-fa_noncontext_avg": 0.04918032786885246,
    "eval_my-fa_noncontext_src2trg": 0.05191256830601093,
    "eval_my-fa_noncontext_trg2src": 0.04644808743169399,
    "eval_my-fa_regularization_loss": 0.0,
    "eval_noncontext_avg_acc": 0.04918032786885246,
    "eval_samples": 1024
}