{
    "epoch": 7.1,
    "eval_avg_acc": 0.0954895914873577,
    "eval_context_avg_acc": 0.04065238558909445,
    "eval_my-zh_alignment_loss": 0.0,
    "eval_my-zh_context_avg": 0.04065238558909445,
    "eval_my-zh_context_src2trg": 0.03602726387536514,
    "eval_my-zh_context_trg2src": 0.04527750730282376,
    "eval_my-zh_loss": 0.0,
    "eval_my-zh_noncontext_avg": 0.15032679738562094,
    "eval_my-zh_noncontext_src2trg": 0.16339869281045752,
    "eval_my-zh_noncontext_trg2src": 0.13725490196078433,
    "eval_my-zh_regularization_loss": 0.0,
    "eval_noncontext_avg_acc": 0.15032679738562094,
    "eval_samples": 1024,
    "test_samples": 1024,
    "train_loss": 0.11704690399169922,
    "train_runtime": 16187.2919,
    "train_samples": 18058,
    "train_samples_per_second": 3.707,
    "train_steps_per_second": 0.309
}