{
    "eval_avg_acc": 0.09671207073475871,
    "eval_context_avg_acc": 0.04849660523763337,
    "eval_my-zh_alignment_loss": 0.0,
    "eval_my-zh_context_avg": 0.04849660523763337,
    "eval_my-zh_context_src2trg": 0.040252182347235696,
    "eval_my-zh_context_trg2src": 0.056741028128031036,
    "eval_my-zh_loss": 0.0,
    "eval_my-zh_noncontext_avg": 0.14492753623188404,
    "eval_my-zh_noncontext_src2trg": 0.13043478260869565,
    "eval_my-zh_noncontext_trg2src": 0.15942028985507245,
    "eval_my-zh_regularization_loss": 0.0,
    "eval_noncontext_avg_acc": 0.14492753623188404,
    "eval_samples": 1024
}