{
    "eval_avg_acc": 0.3719469533606712,
    "eval_context_avg_acc": 0.19807942708333334,
    "eval_my-vi_alignment_loss": 0.0,
    "eval_my-vi_context_avg": 0.19807942708333334,
    "eval_my-vi_context_src2trg": 0.21028645833333334,
    "eval_my-vi_context_trg2src": 0.18587239583333334,
    "eval_my-vi_loss": 0.0,
    "eval_my-vi_noncontext_avg": 0.5458144796380091,
    "eval_my-vi_noncontext_src2trg": 0.5701357466063348,
    "eval_my-vi_noncontext_trg2src": 0.5214932126696833,
    "eval_my-vi_regularization_loss": 0.0,
    "eval_noncontext_avg_acc": 0.5458144796380091,
    "eval_samples": 1024
}