{
    "eval_avg_acc": 0.37000598015648567,
    "eval_context_avg_acc": 0.19759114583333331,
    "eval_my-vi_alignment_loss": 0.0,
    "eval_my-vi_context_avg": 0.19759114583333331,
    "eval_my-vi_context_src2trg": 0.2119140625,
    "eval_my-vi_context_trg2src": 0.18326822916666666,
    "eval_my-vi_loss": 0.0,
    "eval_my-vi_noncontext_avg": 0.5424208144796381,
    "eval_my-vi_noncontext_src2trg": 0.5622171945701357,
    "eval_my-vi_noncontext_trg2src": 0.5226244343891403,
    "eval_my-vi_regularization_loss": 0.0,
    "eval_noncontext_avg_acc": 0.5424208144796381,
    "eval_samples": 1024
}