{
    "eval_avg_acc": 0.017349841091040756,
    "eval_context_avg_acc": 0.006981132075471698,
    "eval_my-tr_alignment_loss": 0.0,
    "eval_my-tr_context_avg": 0.006981132075471698,
    "eval_my-tr_context_src2trg": 0.007924528301886792,
    "eval_my-tr_context_trg2src": 0.0060377358490566035,
    "eval_my-tr_loss": 0.0,
    "eval_my-tr_noncontext_avg": 0.02771855010660981,
    "eval_my-tr_noncontext_src2trg": 0.031982942430703626,
    "eval_my-tr_noncontext_trg2src": 0.023454157782515993,
    "eval_my-tr_regularization_loss": 0.0,
    "eval_noncontext_avg_acc": 0.02771855010660981,
    "eval_samples": 1024
}