{
    "eval_avg_acc": 0.09961483855550402,
    "eval_context_avg_acc": 0.05067895247332686,
    "eval_my-zh_alignment_loss": 0.0,
    "eval_my-zh_context_avg": 0.05067895247332686,
    "eval_my-zh_context_src2trg": 0.04413191076624636,
    "eval_my-zh_context_trg2src": 0.05722599418040737,
    "eval_my-zh_loss": 0.0,
    "eval_my-zh_noncontext_avg": 0.14855072463768115,
    "eval_my-zh_noncontext_src2trg": 0.13768115942028986,
    "eval_my-zh_noncontext_trg2src": 0.15942028985507245,
    "eval_my-zh_regularization_loss": 0.0,
    "eval_noncontext_avg_acc": 0.14855072463768115,
    "eval_samples": 1024
}