{
    "eval_avg_acc": 0.054046464415042225,
    "eval_context_avg_acc": 0.023125608568646545,
    "eval_my-zh_alignment_loss": 0.0,
    "eval_my-zh_context_avg": 0.023125608568646545,
    "eval_my-zh_context_src2trg": 0.020934761441090556,
    "eval_my-zh_context_trg2src": 0.02531645569620253,
    "eval_my-zh_loss": 0.0,
    "eval_my-zh_noncontext_avg": 0.08496732026143791,
    "eval_my-zh_noncontext_src2trg": 0.06535947712418301,
    "eval_my-zh_noncontext_trg2src": 0.10457516339869281,
    "eval_my-zh_regularization_loss": 0.0,
    "eval_noncontext_avg_acc": 0.08496732026143791,
    "eval_samples": 1024,
    "test_samples": 1024
}