{
    "eval_avg_acc": 0.07125136236794327,
    "eval_context_avg_acc": 0.06141243512770937,
    "eval_my-vi_alignment_loss": 0.0,
    "eval_my-vi_context_avg": 0.06141243512770937,
    "eval_my-vi_context_src2trg": 0.0540348020759133,
    "eval_my-vi_context_trg2src": 0.06879006817950545,
    "eval_my-vi_loss": 0.0,
    "eval_my-vi_noncontext_avg": 0.08109028960817717,
    "eval_my-vi_noncontext_src2trg": 0.0776831345826235,
    "eval_my-vi_noncontext_trg2src": 0.08449744463373084,
    "eval_my-vi_regularization_loss": 0.0,
    "eval_noncontext_avg_acc": 0.08109028960817717,
    "eval_samples": 1024
}