{
    "eval_avg_acc": 0.09632758061902447,
    "eval_context_avg_acc": 0.052503646086533795,
    "eval_my-ja_alignment_loss": 0.0,
    "eval_my-ja_context_avg": 0.052503646086533795,
    "eval_my-ja_context_src2trg": 0.04083616917841517,
    "eval_my-ja_context_trg2src": 0.06417112299465241,
    "eval_my-ja_loss": 0.0,
    "eval_my-ja_noncontext_avg": 0.14015151515151514,
    "eval_my-ja_noncontext_src2trg": 0.14393939393939395,
    "eval_my-ja_noncontext_trg2src": 0.13636363636363635,
    "eval_my-ja_regularization_loss": 0.0,
    "eval_noncontext_avg_acc": 0.14015151515151514,
    "eval_samples": 1024
}