{
    "eval_avg_acc": 0.01603128645545527,
    "eval_context_avg_acc": 0.004740168539325842,
    "eval_my-fa_alignment_loss": 0.0,
    "eval_my-fa_context_avg": 0.004740168539325842,
    "eval_my-fa_context_src2trg": 0.004213483146067416,
    "eval_my-fa_context_trg2src": 0.0052668539325842695,
    "eval_my-fa_loss": 0.0,
    "eval_my-fa_noncontext_avg": 0.0273224043715847,
    "eval_my-fa_noncontext_src2trg": 0.02459016393442623,
    "eval_my-fa_noncontext_trg2src": 0.030054644808743168,
    "eval_my-fa_regularization_loss": 0.0,
    "eval_noncontext_avg_acc": 0.0273224043715847,
    "eval_samples": 1024
}